"Header Size"           ,15              
"Model Name"            ,"DLM4000       "
"Comment"               ,"                                                                                                                                "
"BlockNumber"           ,1               ,1               
"TraceName"             ,"CH1           ","CH3           "
"BlockSize"             ,1250            ,1250            
"VUnit"                 ,"V             ","V             "
"SampleRate"            ,1250000.0       ,1250000.0       
"HResolution"           ,8.000000E-07    ,8.000000E-07    
"HOffset"               ,-9.992000E-04   ,-9.992000E-04   
"HUnit"                 ,"s             ","s             "
"DisplayBlockSize"      ,1250            ,1250            
"DisplayPointNo."       ,1               ,1                
"Date"                  ,"2019/11/26","2019/11/26"
"Time"                  ,"12:33:56.100895200    ","12:33:56.100895200    "

  -999.20000E-06,       0.241E-03,      121.88E-03,
  -998.40000E-06,       0.081E-03,      124.09E-03,
  -997.60000E-06,       0.775E-03,      122.34E-03,
  -996.80000E-06,       0.050E-03,      121.72E-03,
  -996.00000E-06,       0.231E-03,      119.69E-03,
  -995.20000E-06,       0.163E-03,      122.41E-03,
  -994.40000E-06,       0.019E-03,      127.19E-03,
  -993.60000E-06,       0.284E-03,      124.62E-03,
  -992.80000E-06,       0.144E-03,      121.28E-03,
  -992.00000E-06,       0.272E-03,      119.22E-03,
  -991.20000E-06,       0.284E-03,      124.81E-03,
  -990.40000E-06,       0.669E-03,      123.87E-03,
  -989.60000E-06,       0.259E-03,      121.41E-03,
  -988.80000E-06,       0.381E-03,      124.62E-03,
  -988.00000E-06,      -0.003E-03,      120.19E-03,
  -987.20000E-06,       0.550E-03,      120.97E-03,
  -986.40000E-06,       0.063E-03,      122.34E-03,
  -985.60000E-06,       0.097E-03,      124.88E-03,
  -984.80000E-06,       0.222E-03,      122.19E-03,
  -984.00000E-06,       0.244E-03,      121.06E-03,
  -983.20000E-06,       0.347E-03,      123.47E-03,
  -982.40000E-06,      -0.059E-03,      121.69E-03,
  -981.60000E-06,       0.266E-03,      113.66E-03,
  -980.80000E-06,       0.334E-03,      125.13E-03,
  -980.00000E-06,       0.181E-03,      116.22E-03,
  -979.20000E-06,       0.081E-03,      128.59E-03,
  -978.40000E-06,      -0.025E-03,      121.56E-03,
  -977.60000E-06,       0.050E-03,      120.47E-03,
  -976.80000E-06,       0.631E-03,      124.19E-03,
  -976.00000E-06,       0.191E-03,      120.91E-03,
  -975.20000E-06,      -0.059E-03,      119.94E-03,
  -974.40000E-06,       0.397E-03,      119.97E-03,
  -973.60000E-06,       0.256E-03,      113.88E-03,
  -972.80000E-06,       0.272E-03,      121.03E-03,
  -972.00000E-06,       0.197E-03,      121.50E-03,
  -971.20000E-06,       0.175E-03,      118.84E-03,
  -970.40000E-06,       0.381E-03,      114.94E-03,
  -969.60000E-06,       0.163E-03,      119.87E-03,
  -968.80000E-06,       0.122E-03,      126.75E-03,
  -968.00000E-06,       0.172E-03,      123.09E-03,
  -967.20000E-06,       0.484E-03,      120.91E-03,
  -966.40000E-06,       0.528E-03,      122.37E-03,
  -965.60000E-06,       0.334E-03,      121.19E-03,
  -964.80000E-06,       0.453E-03,      121.22E-03,
  -964.00000E-06,       0.428E-03,      118.81E-03,
  -963.20000E-06,      -0.025E-03,      117.44E-03,
  -962.40000E-06,       0.850E-03,      122.63E-03,
  -961.60000E-06,       0.181E-03,      121.00E-03,
  -960.80000E-06,       0.397E-03,      123.37E-03,
  -960.00000E-06,       0.591E-03,      120.81E-03,
  -959.20000E-06,       0.494E-03,      116.97E-03,
  -958.40000E-06,       0.441E-03,      119.13E-03,
  -957.60000E-06,      -0.425E-03,      119.63E-03,
  -956.80000E-06,       0.200E-03,      121.03E-03,
  -956.00000E-06,       0.097E-03,      116.53E-03,
  -955.20000E-06,      -0.025E-03,      115.91E-03,
  -954.40000E-06,       0.197E-03,      119.03E-03,
  -953.60000E-06,       0.250E-03,      119.50E-03,
  -952.80000E-06,       0.350E-03,      122.87E-03,
  -952.00000E-06,       0.213E-03,      120.06E-03,
  -951.20000E-06,       0.122E-03,      117.78E-03,
  -950.40000E-06,       0.584E-03,      116.75E-03,
  -949.60000E-06,       0.641E-03,      121.88E-03,
  -948.80000E-06,       0.219E-03,      120.19E-03,
  -948.00000E-06,       0.603E-03,      126.78E-03,
  -947.20000E-06,       0.262E-03,      122.97E-03,
  -946.40000E-06,       0.100E-03,      126.31E-03,
  -945.60000E-06,       0.231E-03,      126.91E-03,
  -944.80000E-06,       0.653E-03,      121.03E-03,
  -944.00000E-06,      -0.087E-03,      117.78E-03,
  -943.20000E-06,       0.238E-03,      123.41E-03,
  -942.40000E-06,       0.459E-03,      117.72E-03,
  -941.60000E-06,      -0.362E-03,      121.38E-03,
  -940.80000E-06,       0.631E-03,      144.06E-03,
  -940.00000E-06,      -0.116E-03,      119.63E-03,
  -939.20000E-06,      -0.250E-03,      120.97E-03,
  -938.40000E-06,       0.041E-03,      130.31E-03,
  -937.60000E-06,       0.369E-03,      122.66E-03,
  -936.80000E-06,       0.059E-03,      118.47E-03,
  -936.00000E-06,       0.391E-03,      111.28E-03,
  -935.20000E-06,      -0.172E-03,      127.47E-03,
  -934.40000E-06,       0.422E-03,      121.53E-03,
  -933.60000E-06,       0.591E-03,      120.78E-03,
  -932.80000E-06,       0.169E-03,      119.19E-03,
  -932.00000E-06,      -0.022E-03,      115.28E-03,
  -931.20000E-06,      -0.009E-03,      122.34E-03,
  -930.40000E-06,       0.428E-03,      119.28E-03,
  -929.60000E-06,       0.216E-03,      120.25E-03,
  -928.80000E-06,       0.403E-03,      118.31E-03,
  -928.00000E-06,       0.459E-03,      129.22E-03,
  -927.20000E-06,       0.550E-03,      118.25E-03,
  -926.40000E-06,       0.228E-03,      122.78E-03,
  -925.60000E-06,      -0.231E-03,      121.72E-03,
  -924.80000E-06,       0.603E-03,      121.00E-03,
  -924.00000E-06,       0.191E-03,      111.47E-03,
  -923.20000E-06,       0.597E-03,      120.44E-03,
  -922.40000E-06,       0.816E-03,      118.66E-03,
  -921.60000E-06,       0.544E-03,      119.87E-03,
  -920.80000E-06,       0.403E-03,      121.88E-03,
  -920.00000E-06,      -0.009E-03,      121.00E-03,
  -919.20000E-06,       0.406E-03,      115.50E-03,
  -918.40000E-06,       0.137E-03,      139.34E-03,
  -917.60000E-06,       0.350E-03,      120.91E-03,
  -916.80000E-06,       0.241E-03,      121.72E-03,
  -916.00000E-06,       0.025E-03,      115.37E-03,
  -915.20000E-06,       0.147E-03,      116.63E-03,
  -914.40000E-06,       0.319E-03,      118.38E-03,
  -913.60000E-06,       0.241E-03,      117.50E-03,
  -912.80000E-06,       0.406E-03,      116.78E-03,
  -912.00000E-06,       0.281E-03,      120.50E-03,
  -911.20000E-06,      -0.056E-03,      117.19E-03,
  -910.40000E-06,       0.084E-03,      116.91E-03,
  -909.60000E-06,       0.341E-03,      122.75E-03,
  -908.80000E-06,       0.281E-03,      121.28E-03,
  -908.00000E-06,       0.697E-03,      109.19E-03,
  -907.20000E-06,       0.203E-03,      110.62E-03,
  -906.40000E-06,       0.197E-03,      122.37E-03,
  -905.60000E-06,       0.397E-03,      122.06E-03,
  -904.80000E-06,       0.216E-03,      120.78E-03,
  -904.00000E-06,       0.081E-03,      113.78E-03,
  -903.20000E-06,       0.278E-03,      117.91E-03,
  -902.40000E-06,       0.206E-03,      115.19E-03,
  -901.60000E-06,       0.366E-03,      121.28E-03,
  -900.80000E-06,       0.400E-03,      112.37E-03,
  -900.00000E-06,       0.463E-03,      117.28E-03,
  -899.20000E-06,       0.197E-03,      116.78E-03,
  -898.40000E-06,       0.163E-03,      116.63E-03,
  -897.60000E-06,       0.516E-03,      117.19E-03,
  -896.80000E-06,       0.397E-03,      115.50E-03,
  -896.00000E-06,       0.472E-03,      122.34E-03,
  -895.20000E-06,       0.316E-03,      116.50E-03,
  -894.40000E-06,       0.463E-03,      120.75E-03,
  -893.60000E-06,      -0.075E-03,      115.59E-03,
  -892.80000E-06,       0.456E-03,      118.59E-03,
  -892.00000E-06,       0.262E-03,      114.72E-03,
  -891.20000E-06,       0.253E-03,      115.28E-03,
  -890.40000E-06,       0.428E-03,      110.06E-03,
  -889.60000E-06,       0.084E-03,      116.66E-03,
  -888.80000E-06,       0.216E-03,      115.72E-03,
  -888.00000E-06,       0.362E-03,      114.31E-03,
  -887.20000E-06,       0.431E-03,      115.78E-03,
  -886.40000E-06,       0.497E-03,      115.72E-03,
  -885.60000E-06,       0.031E-03,      122.25E-03,
  -884.80000E-06,       0.284E-03,      133.91E-03,
  -884.00000E-06,       0.328E-03,      115.19E-03,
  -883.20000E-06,       0.181E-03,      120.25E-03,
  -882.40000E-06,       0.666E-03,      117.78E-03,
  -881.60000E-06,       0.053E-03,      108.91E-03,
  -880.80000E-06,       0.613E-03,      112.47E-03,
  -880.00000E-06,       0.128E-03,      114.69E-03,
  -879.20000E-06,       0.116E-03,      110.66E-03,
  -878.40000E-06,       0.244E-03,      119.13E-03,
  -877.60000E-06,       0.656E-03,      117.09E-03,
  -876.80000E-06,       0.672E-03,      117.12E-03,
  -876.00000E-06,       0.116E-03,      118.87E-03,
  -875.20000E-06,       0.262E-03,      111.87E-03,
  -874.40000E-06,       0.125E-03,      118.44E-03,
  -873.60000E-06,       0.344E-03,      113.72E-03,
  -872.80000E-06,       0.441E-03,      117.53E-03,
  -872.00000E-06,       0.213E-03,      114.06E-03,
  -871.20000E-06,       0.497E-03,      117.62E-03,
  -870.40000E-06,       0.347E-03,      112.25E-03,
  -869.60000E-06,      -0.025E-03,      118.31E-03,
  -868.80000E-06,       0.641E-03,      117.09E-03,
  -868.00000E-06,       0.631E-03,      115.03E-03,
  -867.20000E-06,       0.306E-03,      118.19E-03,
  -866.40000E-06,       0.813E-03,      115.69E-03,
  -865.60000E-06,       0.084E-03,      115.37E-03,
  -864.80000E-06,       0.638E-03,      115.56E-03,
  -864.00000E-06,       0.744E-03,      114.31E-03,
  -863.20000E-06,       0.422E-03,      107.78E-03,
  -862.40000E-06,       0.516E-03,      118.84E-03,
  -861.60000E-06,       0.819E-03,      126.03E-03,
  -860.80000E-06,       0.884E-03,      116.75E-03,
  -860.00000E-06,       0.328E-03,      112.47E-03,
  -859.20000E-06,       0.716E-03,      115.19E-03,
  -858.40000E-06,       0.375E-03,      116.91E-03,
  -857.60000E-06,       0.900E-03,      115.91E-03,
  -856.80000E-06,       0.644E-03,      118.53E-03,
  -856.00000E-06,       1.047E-03,      116.25E-03,
  -855.20000E-06,       1.237E-03,      116.31E-03,
  -854.40000E-06,       1.041E-03,      114.41E-03,
  -853.60000E-06,       1.063E-03,      116.19E-03,
  -852.80000E-06,       1.191E-03,      115.13E-03,
  -852.00000E-06,       1.316E-03,      113.78E-03,
  -851.20000E-06,       1.484E-03,      113.06E-03,
  -850.40000E-06,       1.341E-03,      113.94E-03,
  -849.60000E-06,       1.678E-03,      112.47E-03,
  -848.80000E-06,       1.716E-03,      112.97E-03,
  -848.00000E-06,       1.566E-03,      111.34E-03,
  -847.20000E-06,       1.853E-03,      110.91E-03,
  -846.40000E-06,       1.997E-03,      105.72E-03,
  -845.60000E-06,       1.700E-03,      117.38E-03,
  -844.80000E-06,       2.019E-03,      115.03E-03,
  -844.00000E-06,       1.872E-03,      135.63E-03,
  -843.20000E-06,       2.575E-03,      108.06E-03,
  -842.40000E-06,       2.375E-03,      110.25E-03,
  -841.60000E-06,       2.762E-03,      110.75E-03,
  -840.80000E-06,       3.609E-03,      108.50E-03,
  -840.00000E-06,       3.881E-03,      108.66E-03,
  -839.20000E-06,       4.497E-03,      105.03E-03,
  -838.40000E-06,       5.997E-03,      103.19E-03,
  -837.60000E-06,       6.750E-03,      104.34E-03,
  -836.80000E-06,       7.362E-03,       95.06E-03,
  -836.00000E-06,       8.412E-03,       92.25E-03,
  -835.20000E-06,       8.284E-03,       89.00E-03,
  -834.40000E-06,       8.728E-03,       87.13E-03,
  -833.60000E-06,      10.269E-03,       96.50E-03,
  -832.80000E-06,      12.438E-03,       64.59E-03,
  -832.00000E-06,      14.638E-03,       77.88E-03,
  -831.20000E-06,      16.331E-03,       69.38E-03,
  -830.40000E-06,      15.744E-03,       64.91E-03,
  -829.60000E-06,      13.528E-03,       62.06E-03,
  -828.80000E-06,      11.469E-03,       60.91E-03,
  -828.00000E-06,       9.237E-03,       60.06E-03,
  -827.20000E-06,       7.522E-03,       65.06E-03,
  -826.40000E-06,       6.744E-03,       70.09E-03,
  -825.60000E-06,       5.412E-03,       74.97E-03,
  -824.80000E-06,       5.084E-03,       75.63E-03,
  -824.00000E-06,       4.128E-03,       69.00E-03,
  -823.20000E-06,       3.669E-03,       64.34E-03,
  -822.40000E-06,       3.037E-03,       67.50E-03,
  -821.60000E-06,       2.722E-03,       58.47E-03,
  -820.80000E-06,       2.144E-03,       63.12E-03,
  -820.00000E-06,       2.684E-03,       68.00E-03,
  -819.20000E-06,       2.122E-03,       66.78E-03,
  -818.40000E-06,       2.216E-03,       69.69E-03,
  -817.60000E-06,       1.659E-03,       77.47E-03,
  -816.80000E-06,       2.097E-03,       80.47E-03,
  -816.00000E-06,       2.013E-03,       75.66E-03,
  -815.20000E-06,       0.913E-03,       89.56E-03,
  -814.40000E-06,       0.962E-03,       93.53E-03,
  -813.60000E-06,       1.363E-03,       97.03E-03,
  -812.80000E-06,       1.203E-03,       97.03E-03,
  -812.00000E-06,       0.916E-03,      101.41E-03,
  -811.20000E-06,       1.300E-03,      100.34E-03,
  -810.40000E-06,       1.063E-03,       88.97E-03,
  -809.60000E-06,       0.716E-03,       98.06E-03,
  -808.80000E-06,       1.497E-03,       92.47E-03,
  -808.00000E-06,       0.597E-03,       95.97E-03,
  -807.20000E-06,       0.656E-03,       97.28E-03,
  -806.40000E-06,       0.991E-03,       98.06E-03,
  -805.60000E-06,       0.897E-03,      102.91E-03,
  -804.80000E-06,       0.541E-03,      107.03E-03,
  -804.00000E-06,       0.722E-03,      105.41E-03,
  -803.20000E-06,       0.544E-03,      106.34E-03,
  -802.40000E-06,       0.484E-03,      113.19E-03,
  -801.60000E-06,       0.672E-03,      109.66E-03,
  -800.80000E-06,       0.653E-03,      110.84E-03,
  -800.00000E-06,       0.525E-03,      110.91E-03,
  -799.20000E-06,       0.300E-03,      112.06E-03,
  -798.40000E-06,       0.441E-03,      106.91E-03,
  -797.60000E-06,       0.656E-03,      105.03E-03,
  -796.80000E-06,       0.625E-03,      107.41E-03,
  -796.00000E-06,       0.484E-03,      110.34E-03,
  -795.20000E-06,       0.341E-03,      110.97E-03,
  -794.40000E-06,       0.344E-03,      110.06E-03,
  -793.60000E-06,       0.747E-03,      112.47E-03,
  -792.80000E-06,       0.478E-03,      112.78E-03,
  -792.00000E-06,       0.019E-03,      112.94E-03,
  -791.20000E-06,       0.641E-03,      109.94E-03,
  -790.40000E-06,       0.241E-03,      115.03E-03,
  -789.60000E-06,       0.400E-03,      113.44E-03,
  -788.80000E-06,       0.569E-03,      111.19E-03,
  -788.00000E-06,       0.481E-03,      112.91E-03,
  -787.20000E-06,       0.344E-03,      111.03E-03,
  -786.40000E-06,       0.597E-03,      113.12E-03,
  -785.60000E-06,       0.350E-03,      113.91E-03,
  -784.80000E-06,       0.041E-03,      112.06E-03,
  -784.00000E-06,       0.172E-03,      116.09E-03,
  -783.20000E-06,       0.591E-03,      113.88E-03,
  -782.40000E-06,       0.619E-03,      116.06E-03,
  -781.60000E-06,       0.456E-03,      115.66E-03,
  -780.80000E-06,       0.375E-03,      110.84E-03,
  -780.00000E-06,       0.650E-03,      116.97E-03,
  -779.20000E-06,       0.338E-03,      115.00E-03,
  -778.40000E-06,       0.881E-03,      111.66E-03,
  -777.60000E-06,       0.400E-03,      116.41E-03,
  -776.80000E-06,       0.419E-03,      110.38E-03,
  -776.00000E-06,       0.284E-03,      112.28E-03,
  -775.20000E-06,       0.375E-03,      112.19E-03,
  -774.40000E-06,      -0.053E-03,      113.72E-03,
  -773.60000E-06,       0.278E-03,      112.66E-03,
  -772.80000E-06,       0.219E-03,      118.00E-03,
  -772.00000E-06,       0.241E-03,      116.78E-03,
  -771.20000E-06,       0.063E-03,      113.38E-03,
  -770.40000E-06,       0.116E-03,      115.03E-03,
  -769.60000E-06,       0.281E-03,      117.19E-03,
  -768.80000E-06,       0.550E-03,      120.34E-03,
  -768.00000E-06,       0.266E-03,      115.06E-03,
  -767.20000E-06,       0.516E-03,      116.09E-03,
  -766.40000E-06,       0.150E-03,      116.72E-03,
  -765.60000E-06,       0.362E-03,      118.25E-03,
  -764.80000E-06,       0.350E-03,      113.88E-03,
  -764.00000E-06,       0.209E-03,      121.12E-03,
  -763.20000E-06,      -0.009E-03,      127.34E-03,
  -762.40000E-06,       0.056E-03,      119.53E-03,
  -761.60000E-06,       0.531E-03,      119.91E-03,
  -760.80000E-06,       0.178E-03,      120.06E-03,
  -760.00000E-06,       0.653E-03,      116.22E-03,
  -759.20000E-06,       0.600E-03,      112.31E-03,
  -758.40000E-06,      -0.381E-03,      114.50E-03,
  -757.60000E-06,       0.456E-03,      117.97E-03,
  -756.80000E-06,       0.466E-03,      115.28E-03,
  -756.00000E-06,       0.147E-03,      118.06E-03,
  -755.20000E-06,      -0.025E-03,      119.41E-03,
  -754.40000E-06,       0.316E-03,      117.78E-03,
  -753.60000E-06,       0.262E-03,      120.06E-03,
  -752.80000E-06,       0.266E-03,      122.09E-03,
  -752.00000E-06,      -0.159E-03,      115.13E-03,
  -751.20000E-06,       0.262E-03,      120.62E-03,
  -750.40000E-06,       0.144E-03,      111.87E-03,
  -749.60000E-06,       0.438E-03,      118.66E-03,
  -748.80000E-06,      -0.203E-03,      118.75E-03,
  -748.00000E-06,       0.056E-03,      118.31E-03,
  -747.20000E-06,      -0.053E-03,      102.25E-03,
  -746.40000E-06,       0.272E-03,      115.00E-03,
  -745.60000E-06,       0.081E-03,      115.66E-03,
  -744.80000E-06,      -0.075E-03,      119.56E-03,
  -744.00000E-06,      -0.194E-03,      115.53E-03,
  -743.20000E-06,       0.484E-03,      117.03E-03,
  -742.40000E-06,       0.278E-03,      117.19E-03,
  -741.60000E-06,      -0.075E-03,      118.38E-03,
  -740.80000E-06,       0.244E-03,      117.09E-03,
  -740.00000E-06,      -0.056E-03,      115.19E-03,
  -739.20000E-06,       0.106E-03,      116.47E-03,
  -738.40000E-06,       0.425E-03,      115.97E-03,
  -737.60000E-06,       0.191E-03,      115.72E-03,
  -736.80000E-06,       0.297E-03,      117.12E-03,
  -736.00000E-06,       0.025E-03,      104.06E-03,
  -735.20000E-06,      -0.066E-03,      115.03E-03,
  -734.40000E-06,       0.075E-03,      117.88E-03,
  -733.60000E-06,       0.137E-03,      118.97E-03,
  -732.80000E-06,      -0.147E-03,      122.34E-03,
  -732.00000E-06,       0.097E-03,      110.72E-03,
  -731.20000E-06,       0.163E-03,      111.63E-03,
  -730.40000E-06,       0.250E-03,      116.06E-03,
  -729.60000E-06,       0.075E-03,      115.91E-03,
  -728.80000E-06,       0.338E-03,      116.47E-03,
  -728.00000E-06,       0.653E-03,      119.09E-03,
  -727.20000E-06,       0.144E-03,      115.47E-03,
  -726.40000E-06,       0.244E-03,      115.50E-03,
  -725.60000E-06,      -0.069E-03,      117.03E-03,
  -724.80000E-06,       0.300E-03,      124.78E-03,
  -724.00000E-06,       0.697E-03,      118.09E-03,
  -723.20000E-06,      -0.069E-03,      111.06E-03,
  -722.40000E-06,       0.416E-03,      115.19E-03,
  -721.60000E-06,       0.028E-03,      123.94E-03,
  -720.80000E-06,       0.419E-03,      120.31E-03,
  -720.00000E-06,       0.197E-03,      112.50E-03,
  -719.20000E-06,      -0.063E-03,      113.09E-03,
  -718.40000E-06,      -0.238E-03,      116.41E-03,
  -717.60000E-06,       0.134E-03,      118.34E-03,
  -716.80000E-06,       0.191E-03,      113.22E-03,
  -716.00000E-06,       0.625E-03,      115.09E-03,
  -715.20000E-06,       0.134E-03,      116.50E-03,
  -714.40000E-06,       0.075E-03,      116.25E-03,
  -713.60000E-06,       0.338E-03,      106.06E-03,
  -712.80000E-06,       0.253E-03,      109.13E-03,
  -712.00000E-06,      -0.056E-03,      118.44E-03,
  -711.20000E-06,       0.044E-03,      114.97E-03,
  -710.40000E-06,       0.141E-03,      113.88E-03,
  -709.60000E-06,       0.141E-03,      120.47E-03,
  -708.80000E-06,      -0.209E-03,      118.25E-03,
  -708.00000E-06,      -0.175E-03,      121.84E-03,
  -707.20000E-06,       0.134E-03,      111.59E-03,
  -706.40000E-06,       0.453E-03,      116.19E-03,
  -705.60000E-06,      -0.053E-03,      118.97E-03,
  -704.80000E-06,      -0.022E-03,      124.34E-03,
  -704.00000E-06,       0.200E-03,      117.03E-03,
  -703.20000E-06,       0.281E-03,      116.06E-03,
  -702.40000E-06,      -0.453E-03,      117.66E-03,
  -701.60000E-06,       0.259E-03,      117.12E-03,
  -700.80000E-06,      -0.053E-03,      118.97E-03,
  -700.00000E-06,       0.100E-03,      117.84E-03,
  -699.20000E-06,       0.241E-03,      117.59E-03,
  -698.40000E-06,      -0.144E-03,      118.19E-03,
  -697.60000E-06,       0.597E-03,      116.97E-03,
  -696.80000E-06,       0.178E-03,      118.78E-03,
  -696.00000E-06,       0.209E-03,      118.63E-03,
  -695.20000E-06,       0.316E-03,      117.28E-03,
  -694.40000E-06,      -0.028E-03,      117.56E-03,
  -693.60000E-06,       0.613E-03,      120.62E-03,
  -692.80000E-06,      -0.006E-03,      115.19E-03,
  -692.00000E-06,       0.297E-03,      113.66E-03,
  -691.20000E-06,       0.284E-03,      117.12E-03,
  -690.40000E-06,      -0.034E-03,      118.97E-03,
  -689.60000E-06,       0.081E-03,      115.84E-03,
  -688.80000E-06,       0.344E-03,      123.59E-03,
  -688.00000E-06,      -0.094E-03,      118.19E-03,
  -687.20000E-06,       0.116E-03,      116.97E-03,
  -686.40000E-06,       0.300E-03,      116.34E-03,
  -685.60000E-06,      -0.003E-03,      116.72E-03,
  -684.80000E-06,       0.063E-03,      117.19E-03,
  -684.00000E-06,       0.319E-03,      116.66E-03,
  -683.20000E-06,       0.419E-03,      117.41E-03,
  -682.40000E-06,      -0.144E-03,      117.03E-03,
  -681.60000E-06,       0.284E-03,      122.31E-03,
  -680.80000E-06,       0.259E-03,      121.47E-03,
  -680.00000E-06,       0.238E-03,      114.97E-03,
  -679.20000E-06,       0.497E-03,      115.87E-03,
  -678.40000E-06,       0.003E-03,      124.47E-03,
  -677.60000E-06,       0.219E-03,      122.09E-03,
  -676.80000E-06,       0.266E-03,      118.31E-03,
  -676.00000E-06,       0.041E-03,      113.19E-03,
  -675.20000E-06,       0.422E-03,      117.72E-03,
  -674.40000E-06,       0.300E-03,      122.59E-03,
  -673.60000E-06,       0.297E-03,      116.22E-03,
  -672.80000E-06,       0.025E-03,       75.06E-03,
  -672.00000E-06,       0.000E-03,      113.19E-03,
  -671.20000E-06,      -0.106E-03,      112.75E-03,
  -670.40000E-06,       0.000E-03,      122.06E-03,
  -669.60000E-06,      -0.025E-03,      120.09E-03,
  -668.80000E-06,      -0.269E-03,      113.50E-03,
  -668.00000E-06,       0.100E-03,      118.66E-03,
  -667.20000E-06,       0.681E-03,      108.06E-03,
  -666.40000E-06,      -0.009E-03,      119.03E-03,
  -665.60000E-06,      -0.075E-03,      122.78E-03,
  -664.80000E-06,       0.116E-03,      120.09E-03,
  -664.00000E-06,       0.259E-03,      111.06E-03,
  -663.20000E-06,       0.347E-03,      117.62E-03,
  -662.40000E-06,       0.172E-03,      122.34E-03,
  -661.60000E-06,       0.012E-03,      117.22E-03,
  -660.80000E-06,      -0.006E-03,      122.28E-03,
  -660.00000E-06,       0.297E-03,      118.53E-03,
  -659.20000E-06,       0.650E-03,      116.03E-03,
  -658.40000E-06,       0.484E-03,      116.84E-03,
  -657.60000E-06,       0.147E-03,      119.44E-03,
  -656.80000E-06,       0.172E-03,      121.00E-03,
  -656.00000E-06,       0.163E-03,      123.19E-03,
  -655.20000E-06,       0.575E-03,      117.72E-03,
  -654.40000E-06,       0.606E-03,      117.28E-03,
  -653.60000E-06,       0.550E-03,      116.37E-03,
  -652.80000E-06,       0.497E-03,      120.34E-03,
  -652.00000E-06,      -0.209E-03,      121.03E-03,
  -651.20000E-06,       0.003E-03,      112.06E-03,
  -650.40000E-06,       0.619E-03,      125.91E-03,
  -649.60000E-06,       0.256E-03,      119.66E-03,
  -648.80000E-06,       0.328E-03,      119.13E-03,
  -648.00000E-06,       0.391E-03,      111.72E-03,
  -647.20000E-06,       0.362E-03,      112.59E-03,
  -646.40000E-06,       0.147E-03,      122.22E-03,
  -645.60000E-06,       0.178E-03,      122.31E-03,
  -644.80000E-06,       0.047E-03,      122.06E-03,
  -644.00000E-06,       0.256E-03,      117.66E-03,
  -643.20000E-06,       0.659E-03,      118.19E-03,
  -642.40000E-06,       0.412E-03,      115.47E-03,
  -641.60000E-06,       0.150E-03,      117.12E-03,
  -640.80000E-06,       0.594E-03,      122.09E-03,
  -640.00000E-06,      -0.344E-03,      119.06E-03,
  -639.20000E-06,       0.116E-03,      117.19E-03,
  -638.40000E-06,       0.197E-03,      119.94E-03,
  -637.60000E-06,      -0.203E-03,      114.31E-03,
  -636.80000E-06,       0.541E-03,      113.47E-03,
  -636.00000E-06,       0.297E-03,      121.50E-03,
  -635.20000E-06,       0.000E-03,      119.72E-03,
  -634.40000E-06,       0.481E-03,      125.34E-03,
  -633.60000E-06,       0.156E-03,      123.72E-03,
  -632.80000E-06,      -0.038E-03,      119.19E-03,
  -632.00000E-06,       0.312E-03,      115.53E-03,
  -631.20000E-06,      -0.106E-03,      118.78E-03,
  -630.40000E-06,      -0.009E-03,      113.03E-03,
  -629.60000E-06,       0.181E-03,      122.78E-03,
  -628.80000E-06,       0.181E-03,      114.34E-03,
  -628.00000E-06,       0.041E-03,      117.19E-03,
  -627.20000E-06,       0.112E-03,      123.00E-03,
  -626.40000E-06,       0.094E-03,      117.78E-03,
  -625.60000E-06,      -0.084E-03,      118.50E-03,
  -624.80000E-06,       0.581E-03,      120.28E-03,
  -624.00000E-06,       0.422E-03,      117.72E-03,
  -623.20000E-06,       0.375E-03,      116.97E-03,
  -622.40000E-06,       0.191E-03,      116.25E-03,
  -621.60000E-06,       0.112E-03,      121.88E-03,
  -620.80000E-06,      -0.056E-03,      121.62E-03,
  -620.00000E-06,       0.222E-03,      114.31E-03,
  -619.20000E-06,       0.525E-03,      118.84E-03,
  -618.40000E-06,       0.269E-03,      120.75E-03,
  -617.60000E-06,      -0.388E-03,      122.25E-03,
  -616.80000E-06,       0.484E-03,      111.47E-03,
  -616.00000E-06,       0.356E-03,      118.06E-03,
  -615.20000E-06,      -0.175E-03,      118.63E-03,
  -614.40000E-06,      -0.238E-03,      118.28E-03,
  -613.60000E-06,       0.297E-03,      117.62E-03,
  -612.80000E-06,      -0.106E-03,      117.09E-03,
  -612.00000E-06,      -0.044E-03,      117.47E-03,
  -611.20000E-06,       0.181E-03,      116.19E-03,
  -610.40000E-06,       0.112E-03,      115.19E-03,
  -609.60000E-06,      -0.025E-03,      119.50E-03,
  -608.80000E-06,       0.116E-03,      118.00E-03,
  -608.00000E-06,      -0.206E-03,      116.50E-03,
  -607.20000E-06,      -0.003E-03,      117.78E-03,
  -606.40000E-06,       0.562E-03,      120.81E-03,
  -605.60000E-06,       0.497E-03,      120.09E-03,
  -604.80000E-06,       0.281E-03,      117.12E-03,
  -604.00000E-06,       0.356E-03,      120.94E-03,
  -603.20000E-06,       0.344E-03,      118.78E-03,
  -602.40000E-06,       0.316E-03,      117.53E-03,
  -601.60000E-06,       0.053E-03,      118.34E-03,
  -600.80000E-06,       0.116E-03,      118.72E-03,
  -600.00000E-06,       0.084E-03,      118.19E-03,
  -599.20000E-06,       0.316E-03,      113.91E-03,
  -598.40000E-06,      -0.084E-03,      112.81E-03,
  -597.60000E-06,       0.316E-03,      120.25E-03,
  -596.80000E-06,      -0.116E-03,      119.13E-03,
  -596.00000E-06,       0.262E-03,      120.94E-03,
  -595.20000E-06,      -0.131E-03,      116.34E-03,
  -594.40000E-06,       0.141E-03,      117.53E-03,
  -593.60000E-06,       0.547E-03,      118.91E-03,
  -592.80000E-06,      -0.294E-03,      122.41E-03,
  -592.00000E-06,       0.350E-03,      117.41E-03,
  -591.20000E-06,       0.431E-03,      111.34E-03,
  -590.40000E-06,       0.481E-03,      113.91E-03,
  -589.60000E-06,      -0.059E-03,      112.06E-03,
  -588.80000E-06,       0.125E-03,      116.25E-03,
  -588.00000E-06,       0.459E-03,      118.19E-03,
  -587.20000E-06,       0.416E-03,      122.94E-03,
  -586.40000E-06,       0.453E-03,      120.81E-03,
  -585.60000E-06,       0.547E-03,      119.53E-03,
  -584.80000E-06,       0.009E-03,      111.12E-03,
  -584.00000E-06,      -0.059E-03,      113.03E-03,
  -583.20000E-06,      -0.084E-03,      112.78E-03,
  -582.40000E-06,       0.003E-03,      113.12E-03,
  -581.60000E-06,       0.038E-03,      128.06E-03,
  -580.80000E-06,       0.684E-03,      118.72E-03,
  -580.00000E-06,       0.253E-03,      118.53E-03,
  -579.20000E-06,       0.206E-03,      112.50E-03,
  -578.40000E-06,       0.197E-03,      116.84E-03,
  -577.60000E-06,       0.591E-03,      117.78E-03,
  -576.80000E-06,      -0.009E-03,      115.50E-03,
  -576.00000E-06,       0.253E-03,      128.25E-03,
  -575.20000E-06,      -0.081E-03,      116.50E-03,
  -574.40000E-06,       0.463E-03,      117.62E-03,
  -573.60000E-06,       0.375E-03,      122.06E-03,
  -572.80000E-06,       0.312E-03,      119.28E-03,
  -572.00000E-06,       0.131E-03,      117.88E-03,
  -571.20000E-06,      -0.038E-03,      118.31E-03,
  -570.40000E-06,      -0.209E-03,      106.03E-03,
  -569.60000E-06,       0.675E-03,      115.94E-03,
  -568.80000E-06,      -0.084E-03,      119.63E-03,
  -568.00000E-06,       0.444E-03,      114.19E-03,
  -567.20000E-06,       0.256E-03,      119.19E-03,
  -566.40000E-06,       0.513E-03,      122.41E-03,
  -565.60000E-06,       0.022E-03,      117.47E-03,
  -564.80000E-06,       0.097E-03,      135.72E-03,
  -564.00000E-06,       0.497E-03,      105.19E-03,
  -563.20000E-06,      -0.253E-03,      120.25E-03,
  -562.40000E-06,       0.019E-03,      119.87E-03,
  -561.60000E-06,       0.116E-03,      121.19E-03,
  -560.80000E-06,       0.484E-03,      120.31E-03,
  -560.00000E-06,      -0.050E-03,      119.63E-03,
  -559.20000E-06,       0.031E-03,      106.06E-03,
  -558.40000E-06,       0.481E-03,      119.41E-03,
  -557.60000E-06,       0.141E-03,      117.09E-03,
  -556.80000E-06,       0.659E-03,      123.78E-03,
  -556.00000E-06,       0.181E-03,      116.22E-03,
  -555.20000E-06,       0.031E-03,      117.72E-03,
  -554.40000E-06,       0.116E-03,      116.59E-03,
  -553.60000E-06,       0.244E-03,      111.87E-03,
  -552.80000E-06,       0.025E-03,      117.62E-03,
  -552.00000E-06,       0.213E-03,      114.69E-03,
  -551.20000E-06,       0.500E-03,      116.59E-03,
  -550.40000E-06,       0.297E-03,      120.72E-03,
  -549.60000E-06,       0.281E-03,      124.78E-03,
  -548.80000E-06,      -0.147E-03,      105.66E-03,
  -548.00000E-06,       0.119E-03,      120.34E-03,
  -547.20000E-06,       0.419E-03,      120.66E-03,
  -546.40000E-06,       0.084E-03,      118.91E-03,
  -545.60000E-06,       0.241E-03,      119.28E-03,
  -544.80000E-06,      -0.103E-03,      117.88E-03,
  -544.00000E-06,       0.144E-03,      115.06E-03,
  -543.20000E-06,      -0.084E-03,      116.03E-03,
  -542.40000E-06,       0.400E-03,      125.91E-03,
  -541.60000E-06,       0.866E-03,      120.34E-03,
  -540.80000E-06,       0.150E-03,      121.50E-03,
  -540.00000E-06,       0.184E-03,      117.12E-03,
  -539.20000E-06,       0.141E-03,      124.25E-03,
  -538.40000E-06,       0.412E-03,      110.19E-03,
  -537.60000E-06,      -0.300E-03,      111.63E-03,
  -536.80000E-06,       0.000E-03,      116.31E-03,
  -536.00000E-06,      -0.059E-03,      118.84E-03,
  -535.20000E-06,      -0.059E-03,      114.75E-03,
  -534.40000E-06,      -0.119E-03,      116.97E-03,
  -533.60000E-06,      -0.006E-03,      116.50E-03,
  -532.80000E-06,       0.453E-03,      119.56E-03,
  -532.00000E-06,      -0.284E-03,      121.03E-03,
  -531.20000E-06,       0.047E-03,      119.34E-03,
  -530.40000E-06,       0.497E-03,      118.09E-03,
  -529.60000E-06,      -0.172E-03,      122.63E-03,
  -528.80000E-06,       0.200E-03,      111.87E-03,
  -528.00000E-06,       0.397E-03,      118.06E-03,
  -527.20000E-06,      -0.053E-03,      116.75E-03,
  -526.40000E-06,       0.328E-03,      123.87E-03,
  -525.60000E-06,       0.538E-03,      116.41E-03,
  -524.80000E-06,      -0.072E-03,      117.88E-03,
  -524.00000E-06,       0.000E-03,      119.41E-03,
  -523.20000E-06,       0.447E-03,      117.22E-03,
  -522.40000E-06,       0.697E-03,      119.72E-03,
  -521.60000E-06,      -0.059E-03,      113.56E-03,
  -520.80000E-06,       0.137E-03,      124.97E-03,
  -520.00000E-06,       0.463E-03,      114.25E-03,
  -519.20000E-06,       0.253E-03,      117.88E-03,
  -518.40000E-06,       0.378E-03,      122.34E-03,
  -517.60000E-06,       0.281E-03,      121.19E-03,
  -516.80000E-06,       0.453E-03,      118.84E-03,
  -516.00000E-06,       0.178E-03,      118.34E-03,
  -515.20000E-06,       0.169E-03,      117.19E-03,
  -514.40000E-06,      -0.200E-03,      119.94E-03,
  -513.60000E-06,       0.459E-03,      118.53E-03,
  -512.80000E-06,       0.297E-03,      122.97E-03,
  -512.00000E-06,       0.200E-03,      118.53E-03,
  -511.20000E-06,       0.447E-03,      119.50E-03,
  -510.40000E-06,       0.213E-03,      109.91E-03,
  -509.60000E-06,       0.228E-03,      113.88E-03,
  -508.80000E-06,       0.000E-03,      119.28E-03,
  -508.00000E-06,       0.662E-03,      119.09E-03,
  -507.20000E-06,       0.297E-03,      114.62E-03,
  -506.40000E-06,      -0.072E-03,      117.91E-03,
  -505.60000E-06,       0.412E-03,      117.59E-03,
  -504.80000E-06,       0.228E-03,      120.31E-03,
  -504.00000E-06,       0.350E-03,      121.03E-03,
  -503.20000E-06,       0.300E-03,      117.72E-03,
  -502.40000E-06,      -0.150E-03,      120.09E-03,
  -501.60000E-06,       0.228E-03,      115.87E-03,
  -500.80000E-06,      -0.200E-03,      116.25E-03,
  -500.00000E-06,       0.125E-03,      118.66E-03,
  -499.20000E-06,       0.050E-03,      122.19E-03,
  -498.40000E-06,      -0.094E-03,      122.91E-03,
  -497.60000E-06,       0.134E-03,      124.62E-03,
  -496.80000E-06,       0.419E-03,      127.63E-03,
  -496.00000E-06,       0.484E-03,      140.25E-03,
  -495.20000E-06,      -0.003E-03,      118.66E-03,
  -494.40000E-06,      -0.200E-03,      115.47E-03,
  -493.60000E-06,      -0.056E-03,      118.31E-03,
  -492.80000E-06,       0.084E-03,      121.03E-03,
  -492.00000E-06,       0.056E-03,      123.44E-03,
  -491.20000E-06,       0.213E-03,      118.09E-03,
  -490.40000E-06,       0.416E-03,      117.69E-03,
  -489.60000E-06,       0.112E-03,      122.41E-03,
  -488.80000E-06,       0.638E-03,      122.19E-03,
  -488.00000E-06,      -0.250E-03,      120.78E-03,
  -487.20000E-06,       0.397E-03,      118.06E-03,
  -486.40000E-06,       0.022E-03,      120.31E-03,
  -485.60000E-06,       0.469E-03,      122.25E-03,
  -484.80000E-06,      -0.191E-03,      128.91E-03,
  -484.00000E-06,       0.519E-03,      119.47E-03,
  -483.20000E-06,      -0.056E-03,      117.88E-03,
  -482.40000E-06,       0.656E-03,      120.41E-03,
  -481.60000E-06,       0.259E-03,      122.66E-03,
  -480.80000E-06,       0.056E-03,      120.09E-03,
  -480.00000E-06,      -0.031E-03,      119.13E-03,
  -479.20000E-06,       0.322E-03,      120.37E-03,
  -478.40000E-06,       0.191E-03,      120.31E-03,
  -477.60000E-06,       0.166E-03,      124.19E-03,
  -476.80000E-06,       0.497E-03,      117.09E-03,
  -476.00000E-06,       0.238E-03,      117.03E-03,
  -475.20000E-06,       0.241E-03,      119.19E-03,
  -474.40000E-06,      -0.003E-03,      117.41E-03,
  -473.60000E-06,      -0.025E-03,      117.84E-03,
  -472.80000E-06,       0.375E-03,      122.91E-03,
  -472.00000E-06,       0.125E-03,      115.72E-03,
  -471.20000E-06,       0.369E-03,      120.94E-03,
  -470.40000E-06,      -0.063E-03,      120.37E-03,
  -469.60000E-06,       0.228E-03,      122.84E-03,
  -468.80000E-06,       0.481E-03,      120.78E-03,
  -468.00000E-06,       0.141E-03,      120.00E-03,
  -467.20000E-06,       0.544E-03,      116.84E-03,
  -466.40000E-06,       0.241E-03,      119.13E-03,
  -465.60000E-06,       0.134E-03,      120.34E-03,
  -464.80000E-06,       0.066E-03,      120.06E-03,
  -464.00000E-06,      -0.009E-03,      124.62E-03,
  -463.20000E-06,       0.463E-03,      115.87E-03,
  -462.40000E-06,       0.453E-03,      126.25E-03,
  -461.60000E-06,       0.141E-03,      126.19E-03,
  -460.80000E-06,       0.106E-03,      120.84E-03,
  -460.00000E-06,       0.800E-03,      116.06E-03,
  -459.20000E-06,       0.053E-03,      121.56E-03,
  -458.40000E-06,       0.181E-03,      120.97E-03,
  -457.60000E-06,       0.112E-03,      119.69E-03,
  -456.80000E-06,       0.438E-03,      122.50E-03,
  -456.00000E-06,       0.150E-03,      117.94E-03,
  -455.20000E-06,       0.197E-03,      119.91E-03,
  -454.40000E-06,       0.400E-03,      119.28E-03,
  -453.60000E-06,      -0.050E-03,      120.50E-03,
  -452.80000E-06,      -0.053E-03,      122.69E-03,
  -452.00000E-06,       0.009E-03,      117.06E-03,
  -451.20000E-06,       0.584E-03,      116.44E-03,
  -450.40000E-06,       0.372E-03,      118.22E-03,
  -449.60000E-06,      -0.009E-03,      126.91E-03,
  -448.80000E-06,       0.266E-03,      116.78E-03,
  -448.00000E-06,       0.525E-03,      117.62E-03,
  -447.20000E-06,       0.369E-03,      115.13E-03,
  -446.40000E-06,       0.438E-03,      113.88E-03,
  -445.60000E-06,       0.463E-03,      116.63E-03,
  -444.80000E-06,      -0.087E-03,      122.78E-03,
  -444.00000E-06,       0.197E-03,      122.00E-03,
  -443.20000E-06,       0.122E-03,      116.19E-03,
  -442.40000E-06,      -0.147E-03,      115.41E-03,
  -441.60000E-06,      -0.125E-03,      115.63E-03,
  -440.80000E-06,       0.116E-03,      122.19E-03,
  -440.00000E-06,       0.250E-03,      116.37E-03,
  -439.20000E-06,       0.028E-03,      119.78E-03,
  -438.40000E-06,      -0.059E-03,      120.41E-03,
  -437.60000E-06,      -0.288E-03,      120.97E-03,
  -436.80000E-06,       0.100E-03,      119.66E-03,
  -436.00000E-06,       0.431E-03,      112.97E-03,
  -435.20000E-06,       0.256E-03,      118.34E-03,
  -434.40000E-06,       0.012E-03,      111.19E-03,
  -433.60000E-06,      -0.084E-03,      120.84E-03,
  -432.80000E-06,       0.175E-03,      120.34E-03,
  -432.00000E-06,       0.334E-03,      117.78E-03,
  -431.20000E-06,      -0.181E-03,      121.88E-03,
  -430.40000E-06,       0.100E-03,      115.41E-03,
  -429.60000E-06,      -0.163E-03,      122.25E-03,
  -428.80000E-06,      -0.209E-03,      120.25E-03,
  -428.00000E-06,      -0.134E-03,      119.56E-03,
  -427.20000E-06,       0.116E-03,      119.78E-03,
  -426.40000E-06,       0.169E-03,      127.41E-03,
  -425.60000E-06,      -0.284E-03,      123.94E-03,
  -424.80000E-06,       0.284E-03,      116.34E-03,
  -424.00000E-06,       0.312E-03,      118.63E-03,
  -423.20000E-06,       0.019E-03,      113.69E-03,
  -422.40000E-06,       0.456E-03,      122.53E-03,
  -421.60000E-06,       0.419E-03,      127.69E-03,
  -420.80000E-06,       0.191E-03,      120.88E-03,
  -420.00000E-06,       0.266E-03,      119.63E-03,
  -419.20000E-06,       0.012E-03,      115.53E-03,
  -418.40000E-06,       0.194E-03,      119.34E-03,
  -417.60000E-06,       0.281E-03,      123.78E-03,
  -416.80000E-06,       0.241E-03,      121.09E-03,
  -416.00000E-06,       0.253E-03,      118.06E-03,
  -415.20000E-06,      -0.056E-03,      120.06E-03,
  -414.40000E-06,       0.269E-03,      120.06E-03,
  -413.60000E-06,       0.081E-03,      119.78E-03,
  -412.80000E-06,      -0.084E-03,      116.75E-03,
  -412.00000E-06,       0.428E-03,      116.06E-03,
  -411.20000E-06,       0.191E-03,      113.50E-03,
  -410.40000E-06,       0.006E-03,      123.41E-03,
  -409.60000E-06,       0.266E-03,      122.97E-03,
  -408.80000E-06,       0.316E-03,      121.41E-03,
  -408.00000E-06,      -0.031E-03,      119.69E-03,
  -407.20000E-06,      -0.063E-03,      117.78E-03,
  -406.40000E-06,       0.241E-03,      120.25E-03,
  -405.60000E-06,       0.456E-03,      122.59E-03,
  -404.80000E-06,       0.019E-03,      101.66E-03,
  -404.00000E-06,       0.191E-03,      122.41E-03,
  -403.20000E-06,      -0.031E-03,      120.06E-03,
  -402.40000E-06,       0.137E-03,      122.94E-03,
  -401.60000E-06,      -0.087E-03,      117.00E-03,
  -400.80000E-06,       0.213E-03,      117.72E-03,
  -400.00000E-06,       0.269E-03,      117.69E-03,
  -399.20000E-06,       0.181E-03,      116.25E-03,
  -398.40000E-06,       0.419E-03,      120.41E-03,
  -397.60000E-06,      -0.084E-03,      120.09E-03,
  -396.80000E-06,      -0.191E-03,      119.66E-03,
  -396.00000E-06,       0.781E-03,      117.12E-03,
  -395.20000E-06,      -0.075E-03,      119.19E-03,
  -394.40000E-06,      -0.444E-03,      132.41E-03,
  -393.60000E-06,       0.341E-03,      108.41E-03,
  -392.80000E-06,       0.197E-03,      126.09E-03,
  -392.00000E-06,       0.175E-03,      118.06E-03,
  -391.20000E-06,       0.256E-03,      119.50E-03,
  -390.40000E-06,       0.200E-03,      118.59E-03,
  -389.60000E-06,       0.459E-03,      118.72E-03,
  -388.80000E-06,       0.144E-03,      119.87E-03,
  -388.00000E-06,       0.550E-03,      134.25E-03,
  -387.20000E-06,       0.191E-03,      115.13E-03,
  -386.40000E-06,       0.300E-03,      116.63E-03,
  -385.60000E-06,       0.341E-03,      121.19E-03,
  -384.80000E-06,      -0.188E-03,      125.87E-03,
  -384.00000E-06,       0.378E-03,      118.09E-03,
  -383.20000E-06,      -0.069E-03,      118.06E-03,
  -382.40000E-06,       0.403E-03,      139.50E-03,
  -381.60000E-06,       0.106E-03,      123.66E-03,
  -380.80000E-06,       0.084E-03,      122.63E-03,
  -380.00000E-06,      -0.025E-03,      121.69E-03,
  -379.20000E-06,       0.200E-03,      120.25E-03,
  -378.40000E-06,       0.284E-03,      118.41E-03,
  -377.60000E-06,      -0.397E-03,      117.03E-03,
  -376.80000E-06,      -0.072E-03,      124.66E-03,
  -376.00000E-06,       0.125E-03,      116.09E-03,
  -375.20000E-06,       0.097E-03,      120.84E-03,
  -374.40000E-06,       0.262E-03,      127.72E-03,
  -373.60000E-06,       0.081E-03,      122.25E-03,
  -372.80000E-06,       0.284E-03,      124.53E-03,
  -372.00000E-06,      -0.038E-03,      116.06E-03,
  -371.20000E-06,       0.044E-03,      107.28E-03,
  -370.40000E-06,       0.244E-03,      120.81E-03,
  -369.60000E-06,       0.128E-03,      119.59E-03,
  -368.80000E-06,      -0.234E-03,      119.00E-03,
  -368.00000E-06,       0.169E-03,      121.78E-03,
  -367.20000E-06,      -0.188E-03,      118.69E-03,
  -366.40000E-06,       0.194E-03,      122.44E-03,
  -365.60000E-06,      -0.147E-03,      122.34E-03,
  -364.80000E-06,       0.063E-03,      124.66E-03,
  -364.00000E-06,      -0.084E-03,      118.31E-03,
  -363.20000E-06,       0.447E-03,      120.34E-03,
  -362.40000E-06,       0.156E-03,      124.06E-03,
  -361.60000E-06,       0.038E-03,      121.78E-03,
  -360.80000E-06,       0.438E-03,      121.41E-03,
  -360.00000E-06,       0.194E-03,      113.12E-03,
  -359.20000E-06,      -0.119E-03,      118.97E-03,
  -358.40000E-06,       0.056E-03,      122.34E-03,
  -357.60000E-06,       0.609E-03,      121.78E-03,
  -356.80000E-06,       0.250E-03,      117.53E-03,
  -356.00000E-06,       0.281E-03,      125.34E-03,
  -355.20000E-06,       0.391E-03,      121.47E-03,
  -354.40000E-06,       0.100E-03,      123.87E-03,
  -353.60000E-06,      -0.059E-03,      125.78E-03,
  -352.80000E-06,       0.213E-03,      120.75E-03,
  -352.00000E-06,       0.213E-03,      120.47E-03,
  -351.20000E-06,       0.056E-03,      120.91E-03,
  -350.40000E-06,      -0.294E-03,      118.31E-03,
  -349.60000E-06,      -0.284E-03,      134.38E-03,
  -348.80000E-06,       0.231E-03,      126.03E-03,
  -348.00000E-06,       0.459E-03,      124.00E-03,
  -347.20000E-06,      -0.025E-03,      120.34E-03,
  -346.40000E-06,       0.238E-03,      117.28E-03,
  -345.60000E-06,       0.328E-03,      124.19E-03,
  -344.80000E-06,      -0.034E-03,      123.19E-03,
  -344.00000E-06,       0.038E-03,      122.41E-03,
  -343.20000E-06,      -0.009E-03,      119.69E-03,
  -342.40000E-06,       0.484E-03,      122.44E-03,
  -341.60000E-06,       0.538E-03,      124.34E-03,
  -340.80000E-06,       0.181E-03,      124.53E-03,
  -340.00000E-06,       0.003E-03,      125.13E-03,
  -339.20000E-06,       0.344E-03,      121.12E-03,
  -338.40000E-06,       0.694E-03,      123.19E-03,
  -337.60000E-06,       0.269E-03,      126.84E-03,
  -336.80000E-06,      -0.219E-03,      122.69E-03,
  -336.00000E-06,       0.100E-03,      125.53E-03,
  -335.20000E-06,       0.197E-03,      122.66E-03,
  -334.40000E-06,       0.172E-03,      122.25E-03,
  -333.60000E-06,       0.206E-03,      124.91E-03,
  -332.80000E-06,       0.150E-03,      128.06E-03,
  -332.00000E-06,       0.484E-03,      124.06E-03,
  -331.20000E-06,      -0.056E-03,      126.06E-03,
  -330.40000E-06,       0.147E-03,      119.78E-03,
  -329.60000E-06,       0.125E-03,      126.78E-03,
  -328.80000E-06,       0.156E-03,      123.87E-03,
  -328.00000E-06,       0.391E-03,      123.09E-03,
  -327.20000E-06,      -0.087E-03,      124.53E-03,
  -326.40000E-06,       0.275E-03,      121.06E-03,
  -325.60000E-06,      -0.078E-03,      122.75E-03,
  -324.80000E-06,       0.481E-03,      111.44E-03,
  -324.00000E-06,       0.469E-03,      123.91E-03,
  -323.20000E-06,       0.297E-03,      123.53E-03,
  -322.40000E-06,      -0.056E-03,      124.06E-03,
  -321.60000E-06,      -0.147E-03,      126.50E-03,
  -320.80000E-06,       0.256E-03,      129.19E-03,
  -320.00000E-06,       0.003E-03,      116.69E-03,
  -319.20000E-06,       0.597E-03,      100.06E-03,
  -318.40000E-06,       0.197E-03,      120.47E-03,
  -317.60000E-06,       0.350E-03,      123.41E-03,
  -316.80000E-06,       0.253E-03,      124.06E-03,
  -316.00000E-06,       0.056E-03,      124.28E-03,
  -315.20000E-06,       0.475E-03,      123.00E-03,
  -314.40000E-06,       0.175E-03,      123.13E-03,
  -313.60000E-06,       0.500E-03,      112.66E-03,
  -312.80000E-06,       0.472E-03,      122.22E-03,
  -312.00000E-06,       0.481E-03,      119.78E-03,
  -311.20000E-06,       0.544E-03,      121.66E-03,
  -310.40000E-06,       0.197E-03,      118.34E-03,
  -309.60000E-06,      -0.284E-03,      120.59E-03,
  -308.80000E-06,       0.516E-03,      124.19E-03,
  -308.00000E-06,       0.197E-03,      115.63E-03,
  -307.20000E-06,       0.456E-03,      125.03E-03,
  -306.40000E-06,       0.275E-03,      124.75E-03,
  -305.60000E-06,       0.575E-03,      121.66E-03,
  -304.80000E-06,       0.203E-03,      120.37E-03,
  -304.00000E-06,       0.431E-03,      124.84E-03,
  -303.20000E-06,       0.297E-03,      121.00E-03,
  -302.40000E-06,       0.144E-03,      138.66E-03,
  -301.60000E-06,       0.453E-03,      116.03E-03,
  -300.80000E-06,       0.344E-03,      117.19E-03,
  -300.00000E-06,       0.441E-03,      117.84E-03,
  -299.20000E-06,       0.144E-03,      127.19E-03,
  -298.40000E-06,      -0.044E-03,      119.06E-03,
  -297.60000E-06,       0.622E-03,      120.62E-03,
  -296.80000E-06,       0.259E-03,      128.78E-03,
  -296.00000E-06,       0.231E-03,      120.91E-03,
  -295.20000E-06,       0.497E-03,      118.19E-03,
  -294.40000E-06,      -0.100E-03,      119.41E-03,
  -293.60000E-06,       0.063E-03,      122.19E-03,
  -292.80000E-06,       0.316E-03,      117.19E-03,
  -292.00000E-06,       0.412E-03,      121.84E-03,
  -291.20000E-06,       0.269E-03,      115.97E-03,
  -290.40000E-06,       0.362E-03,      115.28E-03,
  -289.60000E-06,       0.344E-03,      116.34E-03,
  -288.80000E-06,       0.238E-03,      120.59E-03,
  -288.00000E-06,       0.541E-03,      119.72E-03,
  -287.20000E-06,       0.453E-03,      126.25E-03,
  -286.40000E-06,       0.206E-03,      125.72E-03,
  -285.60000E-06,       0.425E-03,      136.34E-03,
  -284.80000E-06,       0.131E-03,      121.19E-03,
  -284.00000E-06,       0.181E-03,      118.31E-03,
  -283.20000E-06,       0.191E-03,      117.38E-03,
  -282.40000E-06,       0.206E-03,      120.06E-03,
  -281.60000E-06,       0.497E-03,      121.84E-03,
  -280.80000E-06,       0.406E-03,      123.19E-03,
  -280.00000E-06,       0.063E-03,      115.06E-03,
  -279.20000E-06,       0.431E-03,      120.75E-03,
  -278.40000E-06,       0.662E-03,      118.59E-03,
  -277.60000E-06,       0.241E-03,      115.41E-03,
  -276.80000E-06,       0.150E-03,      118.19E-03,
  -276.00000E-06,      -0.253E-03,      117.19E-03,
  -275.20000E-06,      -0.275E-03,      113.62E-03,
  -274.40000E-06,      -0.059E-03,      129.12E-03,
  -273.60000E-06,       0.428E-03,      120.37E-03,
  -272.80000E-06,       0.106E-03,      122.63E-03,
  -272.00000E-06,       0.484E-03,      119.78E-03,
  -271.20000E-06,       0.175E-03,      118.50E-03,
  -270.40000E-06,       0.362E-03,      118.97E-03,
  -269.60000E-06,       0.338E-03,      119.72E-03,
  -268.80000E-06,       0.141E-03,      125.03E-03,
  -268.00000E-06,      -0.003E-03,      121.12E-03,
  -267.20000E-06,       0.150E-03,      115.09E-03,
  -266.40000E-06,       0.697E-03,      118.34E-03,
  -265.60000E-06,       0.444E-03,      120.78E-03,
  -264.80000E-06,       0.163E-03,      117.28E-03,
  -264.00000E-06,       0.600E-03,      120.66E-03,
  -263.20000E-06,      -0.034E-03,      113.59E-03,
  -262.40000E-06,       0.397E-03,      116.66E-03,
  -261.60000E-06,       0.197E-03,      118.31E-03,
  -260.80000E-06,       0.163E-03,      117.53E-03,
  -260.00000E-06,       0.209E-03,      122.06E-03,
  -259.20000E-06,       0.269E-03,      132.59E-03,
  -258.40000E-06,       0.181E-03,      115.13E-03,
  -257.60000E-06,       0.066E-03,      117.91E-03,
  -256.80000E-06,       0.119E-03,      117.41E-03,
  -256.00000E-06,       0.141E-03,      119.66E-03,
  -255.20000E-06,       0.053E-03,      120.84E-03,
  -254.40000E-06,       0.206E-03,      120.47E-03,
  -253.60000E-06,       0.225E-03,      122.19E-03,
  -252.80000E-06,       0.084E-03,      120.47E-03,
  -252.00000E-06,       0.216E-03,      121.41E-03,
  -251.20000E-06,       0.038E-03,      116.34E-03,
  -250.40000E-06,      -0.100E-03,      119.44E-03,
  -249.60000E-06,       0.219E-03,      121.59E-03,
  -248.80000E-06,       0.144E-03,      117.03E-03,
  -248.00000E-06,       0.116E-03,      116.19E-03,
  -247.20000E-06,       0.284E-03,      120.97E-03,
  -246.40000E-06,       0.469E-03,      120.25E-03,
  -245.60000E-06,       0.262E-03,      119.87E-03,
  -244.80000E-06,       0.300E-03,      121.62E-03,
  -244.00000E-06,      -0.059E-03,      117.34E-03,
  -243.20000E-06,       0.538E-03,      118.44E-03,
  -242.40000E-06,       0.247E-03,      113.47E-03,
  -241.60000E-06,       0.203E-03,      119.03E-03,
  -240.80000E-06,       0.681E-03,      119.13E-03,
  -240.00000E-06,       0.025E-03,      117.06E-03,
  -239.20000E-06,       0.209E-03,      131.97E-03,
  -238.40000E-06,       0.244E-03,      117.28E-03,
  -237.60000E-06,       0.163E-03,      118.06E-03,
  -236.80000E-06,       0.200E-03,      119.28E-03,
  -236.00000E-06,       0.456E-03,      119.13E-03,
  -235.20000E-06,       0.281E-03,      118.81E-03,
  -234.40000E-06,       0.406E-03,      121.41E-03,
  -233.60000E-06,       0.344E-03,      141.09E-03,
  -232.80000E-06,       0.356E-03,      118.78E-03,
  -232.00000E-06,       0.528E-03,      119.28E-03,
  -231.20000E-06,       0.375E-03,      122.34E-03,
  -230.40000E-06,       0.659E-03,      117.12E-03,
  -229.60000E-06,       0.025E-03,      122.69E-03,
  -228.80000E-06,       0.269E-03,      119.19E-03,
  -228.00000E-06,       0.163E-03,      117.00E-03,
  -227.20000E-06,       0.184E-03,      120.34E-03,
  -226.40000E-06,       0.441E-03,      118.59E-03,
  -225.60000E-06,       0.431E-03,      120.19E-03,
  -224.80000E-06,       0.131E-03,      123.63E-03,
  -224.00000E-06,       0.003E-03,      117.97E-03,
  -223.20000E-06,       0.094E-03,      116.31E-03,
  -222.40000E-06,       0.578E-03,      127.66E-03,
  -221.60000E-06,       0.453E-03,      126.59E-03,
  -220.80000E-06,       0.578E-03,      123.19E-03,
  -220.00000E-06,       0.681E-03,      124.97E-03,
  -219.20000E-06,       0.284E-03,      118.06E-03,
  -218.40000E-06,       0.181E-03,      124.47E-03,
  -217.60000E-06,       0.541E-03,      121.19E-03,
  -216.80000E-06,       0.519E-03,      104.37E-03,
  -216.00000E-06,       0.431E-03,      120.62E-03,
  -215.20000E-06,       0.484E-03,      114.50E-03,
  -214.40000E-06,       0.684E-03,      119.09E-03,
  -213.60000E-06,       0.381E-03,      119.19E-03,
  -212.80000E-06,       0.644E-03,      124.66E-03,
  -212.00000E-06,       0.894E-03,      120.47E-03,
  -211.20000E-06,       0.278E-03,      110.03E-03,
  -210.40000E-06,       0.312E-03,      119.13E-03,
  -209.60000E-06,       0.378E-03,      115.91E-03,
  -208.80000E-06,       0.697E-03,      121.88E-03,
  -208.00000E-06,       0.547E-03,      125.44E-03,
  -207.20000E-06,       0.541E-03,      122.78E-03,
  -206.40000E-06,       0.684E-03,      121.22E-03,
  -205.60000E-06,       0.600E-03,      125.13E-03,
  -204.80000E-06,       0.894E-03,      115.94E-03,
  -204.00000E-06,       1.084E-03,      117.72E-03,
  -203.20000E-06,       0.119E-03,      110.69E-03,
  -202.40000E-06,       0.844E-03,      116.91E-03,
  -201.60000E-06,       0.881E-03,      120.47E-03,
  -200.80000E-06,       0.750E-03,      116.31E-03,
  -200.00000E-06,       0.581E-03,      118.22E-03,
  -199.20000E-06,       0.578E-03,      123.13E-03,
  -198.40000E-06,       1.163E-03,      122.81E-03,
  -197.60000E-06,       0.778E-03,      117.62E-03,
  -196.80000E-06,       0.934E-03,      116.31E-03,
  -196.00000E-06,       1.216E-03,      112.06E-03,
  -195.20000E-06,       0.606E-03,      115.87E-03,
  -194.40000E-06,       1.131E-03,      104.41E-03,
  -193.60000E-06,       1.481E-03,      113.12E-03,
  -192.80000E-06,       1.550E-03,      115.28E-03,
  -192.00000E-06,       1.241E-03,      117.12E-03,
  -191.20000E-06,       1.806E-03,      114.53E-03,
  -190.40000E-06,       1.550E-03,      110.81E-03,
  -189.60000E-06,       1.500E-03,      111.63E-03,
  -188.80000E-06,       2.241E-03,      110.91E-03,
  -188.00000E-06,       2.228E-03,      112.75E-03,
  -187.20000E-06,       2.463E-03,      105.28E-03,
  -186.40000E-06,       2.416E-03,      110.06E-03,
  -185.60000E-06,       2.681E-03,      106.09E-03,
  -184.80000E-06,       3.397E-03,      111.00E-03,
  -184.00000E-06,       3.762E-03,      108.06E-03,
  -183.20000E-06,       4.859E-03,      103.03E-03,
  -182.40000E-06,       5.450E-03,      103.06E-03,
  -181.60000E-06,       6.222E-03,      100.06E-03,
  -180.80000E-06,       6.900E-03,      102.34E-03,
  -180.00000E-06,       8.497E-03,       95.53E-03,
  -179.20000E-06,       9.700E-03,       90.06E-03,
  -178.40000E-06,      11.791E-03,       88.81E-03,
  -177.60000E-06,      14.372E-03,       77.97E-03,
  -176.80000E-06,      15.841E-03,       76.31E-03,
  -176.00000E-06,      16.863E-03,       68.53E-03,
  -175.20000E-06,      16.438E-03,       65.28E-03,
  -174.40000E-06,      15.716E-03,       69.62E-03,
  -173.60000E-06,      15.012E-03,       63.12E-03,
  -172.80000E-06,      13.594E-03,       54.66E-03,
  -172.00000E-06,      12.019E-03,       57.22E-03,
  -171.20000E-06,      10.209E-03,       60.41E-03,
  -170.40000E-06,       7.969E-03,       58.69E-03,
  -169.60000E-06,       7.444E-03,       61.47E-03,
  -168.80000E-06,       6.459E-03,       67.91E-03,
  -168.00000E-06,       5.513E-03,       55.87E-03,
  -167.20000E-06,       5.025E-03,       56.25E-03,
  -166.40000E-06,       4.284E-03,       52.19E-03,
  -165.60000E-06,       3.797E-03,       64.72E-03,
  -164.80000E-06,       3.681E-03,       60.78E-03,
  -164.00000E-06,       3.231E-03,       50.25E-03,
  -163.20000E-06,       2.825E-03,       54.91E-03,
  -162.40000E-06,       2.175E-03,       61.88E-03,
  -161.60000E-06,       2.325E-03,       70.94E-03,
  -160.80000E-06,       2.256E-03,       78.41E-03,
  -160.00000E-06,       1.484E-03,       78.06E-03,
  -159.20000E-06,       1.341E-03,       83.13E-03,
  -158.40000E-06,       1.106E-03,       91.19E-03,
  -157.60000E-06,       1.025E-03,       88.97E-03,
  -156.80000E-06,       1.453E-03,       92.19E-03,
  -156.00000E-06,       1.628E-03,       89.44E-03,
  -155.20000E-06,       1.003E-03,       94.53E-03,
  -154.40000E-06,       0.975E-03,       91.78E-03,
  -153.60000E-06,       0.881E-03,       94.31E-03,
  -152.80000E-06,       1.197E-03,       93.91E-03,
  -152.00000E-06,       0.962E-03,       92.09E-03,
  -151.20000E-06,       0.859E-03,       89.00E-03,
  -150.40000E-06,       0.744E-03,       94.63E-03,
  -149.60000E-06,       0.997E-03,      106.50E-03,
  -148.80000E-06,       0.806E-03,      102.59E-03,
  -148.00000E-06,       0.662E-03,      128.78E-03,
  -147.20000E-06,       0.916E-03,      108.72E-03,
  -146.40000E-06,       0.453E-03,      110.94E-03,
  -145.60000E-06,       0.456E-03,      111.50E-03,
  -144.80000E-06,       0.547E-03,      107.12E-03,
  -144.00000E-06,       0.837E-03,      107.69E-03,
  -143.20000E-06,       0.378E-03,      109.09E-03,
  -142.40000E-06,       0.997E-03,      111.56E-03,
  -141.60000E-06,       0.006E-03,      103.19E-03,
  -140.80000E-06,       0.666E-03,      111.50E-03,
  -140.00000E-06,       0.513E-03,      110.00E-03,
  -139.20000E-06,       0.253E-03,      108.19E-03,
  -138.40000E-06,       0.322E-03,      110.72E-03,
  -137.60000E-06,       0.306E-03,      112.75E-03,
  -136.80000E-06,       0.362E-03,      120.31E-03,
  -136.00000E-06,       0.825E-03,      122.34E-03,
  -135.20000E-06,       0.575E-03,      112.91E-03,
  -134.40000E-06,       0.684E-03,      116.66E-03,
  -133.60000E-06,       0.656E-03,      118.59E-03,
  -132.80000E-06,       0.259E-03,      112.63E-03,
  -132.00000E-06,       0.053E-03,      115.84E-03,
  -131.20000E-06,       0.534E-03,      106.34E-03,
  -130.40000E-06,       0.616E-03,      110.25E-03,
  -129.60000E-06,       0.466E-03,      114.06E-03,
  -128.80000E-06,       0.619E-03,      116.91E-03,
  -128.00000E-06,       0.362E-03,      114.38E-03,
  -127.20000E-06,       0.606E-03,      112.66E-03,
  -126.40000E-06,       0.241E-03,      115.72E-03,
  -125.60000E-06,       0.428E-03,       92.06E-03,
  -124.80000E-06,       0.662E-03,      121.44E-03,
  -124.00000E-06,       0.459E-03,      118.78E-03,
  -123.20000E-06,       0.622E-03,      113.22E-03,
  -122.40000E-06,      -0.028E-03,      113.12E-03,
  -121.60000E-06,       0.619E-03,      121.28E-03,
  -120.80000E-06,       0.144E-03,      119.13E-03,
  -120.00000E-06,       0.047E-03,      136.84E-03,
  -119.20000E-06,       0.256E-03,      111.53E-03,
  -118.40000E-06,       0.328E-03,      115.00E-03,
  -117.60000E-06,       0.322E-03,      119.41E-03,
  -116.80000E-06,       0.638E-03,      118.25E-03,
  -116.00000E-06,       0.269E-03,      118.63E-03,
  -115.20000E-06,       0.259E-03,      115.72E-03,
  -114.40000E-06,       0.672E-03,      113.19E-03,
  -113.60000E-06,       0.325E-03,      114.03E-03,
  -112.80000E-06,       0.213E-03,      118.63E-03,
  -112.00000E-06,       0.047E-03,      120.88E-03,
  -111.20000E-06,       0.466E-03,      118.09E-03,
  -110.40000E-06,       0.528E-03,      118.84E-03,
  -109.60000E-06,       0.322E-03,      115.69E-03,
  -108.80000E-06,       0.591E-03,      117.72E-03,
  -108.00000E-06,       0.669E-03,      116.19E-03,
  -107.20000E-06,       0.341E-03,      112.19E-03,
  -106.40000E-06,       0.350E-03,      118.38E-03,
  -105.60000E-06,      -0.044E-03,      115.66E-03,
  -104.80000E-06,       0.163E-03,      113.78E-03,
  -104.00000E-06,       0.012E-03,      119.87E-03,
  -103.20000E-06,       0.381E-03,      122.91E-03,
  -102.40000E-06,       0.666E-03,      116.19E-03,
  -101.60000E-06,       0.325E-03,      106.22E-03,
  -100.80000E-06,       0.122E-03,      119.87E-03,
  -100.00000E-06,       0.447E-03,      124.06E-03,
  -99.200000E-06,       0.269E-03,      112.19E-03,
  -98.400000E-06,       0.128E-03,      112.69E-03,
  -97.600000E-06,       0.278E-03,      112.06E-03,
  -96.800000E-06,       0.438E-03,      118.87E-03,
  -96.000000E-06,       0.669E-03,      115.41E-03,
  -95.200000E-06,       0.116E-03,      120.84E-03,
  -94.400000E-06,       0.469E-03,      116.91E-03,
  -93.600000E-06,       0.284E-03,      116.31E-03,
  -92.800000E-06,       0.278E-03,      113.19E-03,
  -92.000000E-06,      -0.163E-03,      112.66E-03,
  -91.200000E-06,       0.081E-03,      116.06E-03,
  -90.400000E-06,       0.197E-03,      115.56E-03,
  -89.600000E-06,       0.375E-03,      120.91E-03,
  -88.800000E-06,       0.031E-03,      120.31E-03,
  -88.000000E-06,       0.659E-03,      117.12E-03,
  -87.200000E-06,       0.397E-03,      116.66E-03,
  -86.400000E-06,       0.269E-03,      117.94E-03,
  -85.600000E-06,       0.297E-03,      116.00E-03,
  -84.800000E-06,       0.144E-03,      115.37E-03,
  -84.000000E-06,      -0.003E-03,      117.44E-03,
  -83.200000E-06,       0.284E-03,      115.78E-03,
  -82.400000E-06,       0.028E-03,      117.94E-03,
  -81.600000E-06,       0.484E-03,      118.47E-03,
  -80.800000E-06,       0.331E-03,      115.53E-03,
  -80.000000E-06,       0.463E-03,      117.97E-03,
  -79.200000E-06,       0.384E-03,      121.62E-03,
  -78.400000E-06,       0.053E-03,      117.41E-03,
  -77.600000E-06,       0.516E-03,      117.78E-03,
  -76.800000E-06,      -0.003E-03,      122.84E-03,
  -76.000000E-06,      -0.188E-03,      111.53E-03,
  -75.200000E-06,       0.438E-03,      118.31E-03,
  -74.400000E-06,       0.384E-03,      117.41E-03,
  -73.600000E-06,       0.141E-03,      118.66E-03,
  -72.800000E-06,       0.650E-03,      118.91E-03,
  -72.000000E-06,      -0.009E-03,      118.00E-03,
  -71.200000E-06,       0.175E-03,      115.13E-03,
  -70.400000E-06,       0.225E-03,      122.22E-03,
  -69.600000E-06,       0.459E-03,      122.06E-03,
  -68.800000E-06,       0.053E-03,      119.78E-03,
  -68.000000E-06,       0.100E-03,      120.09E-03,
  -67.200000E-06,      -0.009E-03,      113.47E-03,
  -66.400000E-06,       0.297E-03,      116.78E-03,
  -65.600000E-06,       0.409E-03,      119.63E-03,
  -64.800000E-06,       0.041E-03,      122.53E-03,
  -64.000000E-06,       0.072E-03,      116.97E-03,
  -63.200000E-06,      -0.163E-03,      117.88E-03,
  -62.400000E-06,       0.150E-03,      114.38E-03,
  -61.600000E-06,       0.259E-03,      122.91E-03,
  -60.800000E-06,       0.344E-03,      124.19E-03,
  -60.000000E-06,      -0.081E-03,      120.25E-03,
  -59.200000E-06,       0.262E-03,      121.56E-03,
  -58.400000E-06,       0.191E-03,      115.63E-03,
  -57.600000E-06,      -0.231E-03,      120.25E-03,
  -56.800000E-06,       0.484E-03,      100.63E-03,
  -56.000000E-06,       0.012E-03,      118.53E-03,
  -55.200000E-06,       0.059E-03,      119.84E-03,
  -54.400000E-06,      -0.025E-03,      117.22E-03,
  -53.600000E-06,       0.166E-03,      121.47E-03,
  -52.800000E-06,       0.344E-03,      118.91E-03,
  -52.000000E-06,       0.219E-03,      121.91E-03,
  -51.200000E-06,       0.484E-03,      145.72E-03,
  -50.400000E-06,       0.228E-03,      128.66E-03,
  -49.600000E-06,       0.084E-03,      128.19E-03,
  -48.800000E-06,       0.131E-03,      122.06E-03,
  -48.000000E-06,       0.297E-03,      123.87E-03,
  -47.200000E-06,      -0.141E-03,      119.28E-03,
  -46.400000E-06,       0.641E-03,      119.72E-03,
  -45.600000E-06,       0.378E-03,      123.19E-03,
  -44.800000E-06,       0.656E-03,      119.66E-03,
  -44.000000E-06,       0.141E-03,      119.09E-03,
  -43.200000E-06,       0.369E-03,      122.25E-03,
  -42.400000E-06,       0.600E-03,      116.37E-03,
  -41.600000E-06,       0.259E-03,      122.06E-03,
  -40.800000E-06,       0.684E-03,      119.87E-03,
  -40.000000E-06,       0.144E-03,      117.50E-03,
  -39.200000E-06,       0.591E-03,      124.34E-03,
  -38.400000E-06,       0.284E-03,      114.38E-03,
  -37.600000E-06,       0.219E-03,      120.91E-03,
  -36.800000E-06,       0.697E-03,      123.28E-03,
  -36.000000E-06,      -0.125E-03,      122.97E-03,
  -35.200000E-06,       0.262E-03,      117.44E-03,
  -34.400000E-06,       0.391E-03,      110.75E-03,
  -33.600000E-06,       0.428E-03,      118.84E-03,
  -32.800000E-06,       0.684E-03,      121.38E-03,
  -32.000000E-06,      -0.178E-03,      120.06E-03,
  -31.200000E-06,       0.484E-03,      117.19E-03,
  -30.400000E-06,       0.147E-03,      120.44E-03,
  -29.600000E-06,       0.397E-03,      125.41E-03,
  -28.800000E-06,       0.253E-03,      117.44E-03,
  -28.000000E-06,       0.644E-03,      117.94E-03,
  -27.200000E-06,       0.669E-03,      116.97E-03,
  -26.400000E-06,      -0.084E-03,      115.69E-03,
  -25.600000E-06,       0.144E-03,      118.41E-03,
  -24.800000E-06,       0.197E-03,      126.50E-03,
  -24.000000E-06,      -0.003E-03,      118.09E-03,
  -23.200000E-06,       0.028E-03,      118.03E-03,
  -22.400000E-06,       0.213E-03,      119.66E-03,
  -21.600000E-06,       0.453E-03,      117.78E-03,
  -20.800000E-06,       0.206E-03,      119.87E-03,
  -20.000000E-06,       0.084E-03,      118.91E-03,
  -19.200000E-06,       0.216E-03,      118.19E-03,
  -18.400000E-06,       0.125E-03,      122.91E-03,
  -17.600000E-06,       0.484E-03,      123.37E-03,
  -16.800000E-06,       0.266E-03,      119.78E-03,
  -16.000000E-06,       0.203E-03,      120.62E-03,
  -15.200000E-06,       0.619E-03,      119.72E-03,
  -14.400000E-06,       0.028E-03,      122.41E-03,
  -13.600000E-06,       0.191E-03,      120.09E-03,
  -12.800000E-06,       0.078E-03,      120.06E-03,
  -12.000000E-06,       0.606E-03,      115.00E-03,
  -11.200000E-06,       0.150E-03,      114.41E-03,
  -10.400000E-06,      -0.034E-03,      120.22E-03,
  -9.6000000E-06,       0.375E-03,      120.19E-03,
  -8.8000000E-06,      -0.134E-03,      119.72E-03,
  -8.0000000E-06,       0.403E-03,      119.87E-03,
  -7.2000000E-06,       0.419E-03,      118.31E-03,
  -6.4000000E-06,      -0.172E-03,      121.12E-03,
  -5.6000000E-06,       0.438E-03,      117.03E-03,
  -4.8000000E-06,       0.231E-03,      120.69E-03,
  -4.0000000E-06,      -0.006E-03,      120.09E-03,
  -3.2000000E-06,       0.041E-03,      119.91E-03,
  -2.4000000E-06,      -0.266E-03,      115.91E-03,
  -1.6000000E-06,       0.050E-03,      119.28E-03,
  -800.00000E-09,       0.550E-03,      113.69E-03,
   0.0000000E+00,       0.366E-03,      120.03E-03,
